{"bounds":{"east":114.000062942505,"north":24.0000629425049,"south":22.9996204376221,"west":112.999620437622},"contentType":"quantizedmesh","latLonBounds":{"east":114.000062942505,"north":24.0000629425049,"south":22.9996204376221,"west":112.999620437622},"maxzoom":14,"minzoom":0,"proj":4326,"tiletrans":"tms","type":"terrain","ziped":false}